rank,index,serial,atom_name,resname,segid,resid,element,category,force_x_kJ_mol_nm,force_y_kJ_mol_nm,force_z_kJ_mol_nm,force_magnitude_kJ_mol_nm,is_MEMB49,is_ligand,is_ligand_H
1,252,253,O,VAL,PROA,437,O,protein,18766.458984375,-9070.9453125,28124.580078125,35006.48563117212,0,0,0
2,253,254,N,VAL,PROA,438,N,protein,-9420.2109375,1287.147216796875,-23143.14453125,25020.037187403006,0,0,0
3,11762,11763,C25,POPC,MEMB,91,C,lipid,2862.4990234375,9396.7509765625,906.9772338867188,9864.858705399573,0,0,0
4,4909,4910,C212,POPC,MEMB,33,C,lipid,3800.952392578125,8433.4228515625,-2361.493896484375,9547.068320015045,0,0,0
5,6143,6144,C35,POPC,MEMB,42,C,lipid,-855.0045166015625,-9000.5478515625,-2367.938720703125,9346.016698930114,0,0,0
6,19163,19164,C216,POPC,MEMB,147,C,lipid,-7651.37353515625,3751.109619140625,3743.20361328125,9307.304316491462,0,0,0
7,4906,4907,C211,POPC,MEMB,33,C,lipid,784.6346435546875,7176.72021484375,5361.9228515625,8992.840554136454,0,0,0
8,8177,8178,C313,POPC,MEMB,57,C,lipid,1590.090087890625,-6870.98193359375,-4063.4638671875,8139.442107375548,0,0,0
9,251,252,C,VAL,PROA,437,C,protein,-1511.7041015625,679.3079833984375,7774.02294921875,7948.7194844181995,0,0,0
10,6501,6502,C26,POPC,MEMB,45,C,lipid,-6200.82177734375,296.2600402832031,-4376.0791015625,7595.263591803853,0,0,0
11,3438,3439,C213,POPC,MEMB,22,C,lipid,6512.39892578125,3302.61328125,1229.5550537109375,7404.755221080018,0,0,0
12,6146,6147,C36,POPC,MEMB,42,C,lipid,-5449.7607421875,-3424.697021484375,-3226.383056640625,7199.860378106627,0,0,0
13,4360,4361,C27,POPC,MEMB,29,C,lipid,-2185.604736328125,6737.083984375,43.496028900146484,7082.870927845018,0,0,0
14,4005,4006,C37,POPC,MEMB,26,C,lipid,-18.505083084106445,-7015.15771484375,954.6799926757812,7079.844213727246,0,0,0
15,2665,2666,C37,POPC,MEMB,16,C,lipid,4826.74951171875,5029.57861328125,1075.2286376953125,7053.388440981643,0,0,0
16,2808,2809,C310,POPC,MEMB,17,C,lipid,-6431.185546875,-2857.5048828125,-110.51760864257812,7038.302056281134,0,0,0
17,4952,4953,C310,POPC,MEMB,33,C,lipid,-1861.8428955078125,6681.81982421875,1124.247314453125,7026.884598094,0,0,0
18,19160,19161,C215,POPC,MEMB,147,C,lipid,-5943.6826171875,-71.59019470214844,3696.8037109375,6999.917562874267,0,0,0
19,4949,4950,C39,POPC,MEMB,33,C,lipid,-2708.361328125,5618.63330078125,2963.5478515625,6905.5685588394335,0,0,0
20,2668,2669,C38,POPC,MEMB,16,C,lipid,1965.0413818359375,6364.1962890625,-1518.7667236328125,6831.620188422285,0,0,0
21,3466,3467,C36,POPC,MEMB,22,C,lipid,1644.283935546875,6629.0830078125,-87.05278015136719,6830.518967962685,0,0,0
22,3282,3283,C25,POPC,MEMB,21,C,lipid,-1405.6685791015625,-6462.1259765625,-1403.7103271484375,6760.575343399438,0,0,0
23,4553,4554,C311,POPC,MEMB,30,C,lipid,1572.766357421875,-6214.73876953125,-2109.93115234375,6748.954100909525,0,0,0
24,6495,6496,C24,POPC,MEMB,45,C,lipid,-5487.3056640625,2642.041748046875,-2802.03271484375,6703.901504670964,0,0,0
25,5944,5945,C22,POPC,MEMB,41,C,lipid,248.93276977539062,2979.114501953125,-5982.70458984375,6688.037451222364,0,0,0
26,5953,5954,C32,POPC,MEMB,41,C,lipid,4193.08056640625,4384.89697265625,2642.150634765625,6617.41687321995,0,0,0
27,14763,14764,C37,POPC,MEMB,114,C,lipid,2691.86865234375,5874.29931640625,1421.4029541015625,6616.187395935105,0,0,0
28,10885,10886,C24,CHL1,MEMB,79,C,cholesterol,-1948.6405029296875,-6117.80126953125,-1388.9000244140625,6569.1502845462155,0,0,0
29,6003,6004,C33,POPC,MEMB,41,C,lipid,2084.1796875,6031.1826171875,1242.1282958984375,6500.911584933594,0,0,0
30,2398,2399,C23,CHL1,MEMB,13,C,cholesterol,5566.35595703125,2104.918212890625,2519.135498046875,6462.278466675343,0,0,0
31,8782,8783,C27,POPC,MEMB,62,C,lipid,-1050.7020263671875,-6118.28125,1448.5372314453125,6374.605894735527,0,0,0
32,13551,13552,C35,POPC,MEMB,105,C,lipid,4655.07568359375,-4298.255859375,147.99868774414062,6337.71541363379,0,0,0
33,2811,2812,C311,POPC,MEMB,17,C,lipid,-6053.8203125,660.3284301757812,-1450.3485107421875,6260.054697392674,0,0,0
34,4002,4003,C36,POPC,MEMB,26,C,lipid,-4606.7177734375,-3487.35546875,2202.616455078125,6183.446939831086,0,0,0
35,9696,9697,C22,POPC,MEMB,69,C,lipid,5949.49755859375,338.44061279296875,1407.9090576171875,6123.174925038577,0,0,0
36,19166,19167,C217,POPC,MEMB,147,C,lipid,-4564.1904296875,3072.014404296875,2583.9072265625,6078.296088061223,0,0,0
37,7841,7842,C26,POPC,MEMB,55,C,lipid,-4174.81591796875,3373.546142578125,2657.39990234375,5989.296767234495,0,0,0
38,14760,14761,C36,POPC,MEMB,114,C,lipid,-2468.23779296875,5435.09130859375,475.3472900390625,5988.185900716347,0,0,0
39,13788,13789,C211,POPC,MEMB,107,C,lipid,923.0700073242188,4616.72412109375,3403.963134765625,5809.747401699476,0,0,0
40,3469,3470,C37,POPC,MEMB,22,C,lipid,-643.149658203125,5550.2783203125,-1561.5262451171875,5801.516623260466,0,0,0
41,11778,11779,C211,POPC,MEMB,91,C,lipid,-4084.623779296875,3651.630859375,1833.2943115234375,5777.501829008926,0,0,0
42,5021,5022,C24,POPC,MEMB,34,C,lipid,-5205.05908203125,-1500.7188720703125,-1987.23779296875,5770.087627257259,0,0,0
43,9496,9497,C36,POPC,MEMB,67,C,lipid,5489.3681640625,1511.484619140625,17.55052947998047,5693.68567938261,0,0,0
44,15695,15696,C35,POPC,MEMB,121,C,lipid,-2074.781494140625,-5230.40283203125,-865.044189453125,5692.989854501371,0,0,0
45,19157,19158,C214,POPC,MEMB,147,C,lipid,-5153.24560546875,1711.6500244140625,1405.3980712890625,5608.995437254577,0,0,0
46,7844,7845,C27,POPC,MEMB,55,C,lipid,307.91400146484375,5286.693359375,1808.839111328125,5596.055453534046,0,0,0
47,10882,10883,C23,CHL1,MEMB,79,C,cholesterol,944.55615234375,-4622.6015625,-2974.253173828125,5577.34824738285,0,0,0
48,12323,12324,C214,POPC,MEMB,96,C,lipid,2554.940673828125,-4695.49365234375,-1486.219482421875,5548.353885244894,0,0,0
49,6498,6499,C25,POPC,MEMB,45,C,lipid,-5484.412109375,-674.0458374023438,496.6616516113281,5547.953385939707,0,0,0
50,5024,5025,C25,POPC,MEMB,34,C,lipid,-2715.206298828125,-3454.99462890625,-3367.05322265625,5535.917316503815,0,0,0
