step,time_ps,stage,target_temperature_K,temperature_K,potential_energy_kJ_mol,kinetic_energy_kJ_mol,total_energy_kJ_mol,ligand_min_distance_TYR13_A,ligand_min_distance_VAL17_A,ligand_min_distance_SER20_A,ligand_key_min_distance_A,ligand_near_chains_count,ligand_heavy_rmsd_A,severe_lt_1A,close_lt_1p5A,status
0,0,initial_50K,50,50.2156,-615275.734399,22815.9921875,-592459.742212,3.60697,3.69188,5.12268,3.60697,2,5.24844e-06,0,0,ok
100,0.05,50K_2ps,50,34.2285,-600343.946313,15552.0546875,-584791.891626,3.56298,3.70805,5.19048,3.56298,2,0.0857782,0,0,ok
200,0.1,50K_2ps,50,39.7963,-597295.184595,18081.8867188,-579213.297876,3.49789,3.71374,5.26304,3.49789,2,0.133827,0,0,ok
300,0.15,50K_2ps,50,44.3045,-595652.236352,20130.1914062,-575522.044946,3.65261,3.74657,5.25808,3.65261,2,0.147873,0,0,ok
400,0.2,50K_2ps,50,46.42,-594437.292016,21091.4140625,-573345.877954,3.65108,3.73059,5.20538,3.65108,2,0.131116,0,0,ok
500,0.25,50K_2ps,50,48.0869,-593898.531274,21848.7734375,-572049.757837,3.69955,3.7567,5.29274,3.69955,2,0.106984,0,0,ok
600,0.3,50K_2ps,50,48.8438,-593432.376489,22192.6992188,-571239.67727,3.6112,3.69089,5.28569,3.6112,2,0.104993,0,0,ok
700,0.35,50K_2ps,50,49.5839,-593239.364282,22528.96875,-570710.395532,3.66198,3.56471,5.1689,3.56471,2,0.10183,0,0,ok
800,0.4,50K_2ps,50,49.4261,-593174.562036,22457.2734375,-570717.288598,3.63195,3.57768,5.1259,3.57768,2,0.116497,0,0,ok
900,0.45,50K_2ps,50,49.6794,-593014.7427,22572.3320312,-570442.410669,3.51114,3.59304,5.19005,3.51114,2,0.139093,0,0,ok
1000,0.5,50K_2ps,50,49.7744,-593052.700708,22615.5039062,-570437.196802,3.52812,3.7052,5.33474,3.52812,2,0.150102,0,0,ok
1100,0.55,50K_2ps,50,49.7503,-593117.512231,22604.5800781,-570512.932153,3.61144,3.69701,5.52965,3.61144,2,0.154416,0,0,ok
1200,0.6,50K_2ps,50,50.0042,-593131.604516,22719.9375,-570411.667016,3.62062,3.74806,5.544,3.62062,2,0.178171,0,0,ok
1300,0.65,50K_2ps,50,49.8166,-593137.939477,22634.6757812,-570503.263696,3.49332,3.78941,5.49077,3.49332,2,0.205892,0,0,ok
1400,0.7,50K_2ps,50,49.9838,-593168.18313,22710.6757812,-570457.507348,3.49364,3.82888,5.43119,3.49364,2,0.240122,0,0,ok
1500,0.75,50K_2ps,50,50.4951,-593161.345239,22942.9648438,-570218.380395,3.4156,3.76519,5.50598,3.4156,2,0.258013,0,0,ok
1600,0.8,50K_2ps,50,50.1834,-593282.443384,22801.3398438,-570481.10354,3.54776,3.7388,5.47627,3.54776,2,0.263903,0,0,ok
1700,0.85,50K_2ps,50,50.2021,-593221.871606,22809.8496094,-570412.021997,3.62278,3.79438,5.56496,3.62278,2,0.279062,0,0,ok
1800,0.9,50K_2ps,50,50.5498,-593355.408227,22967.8417969,-570387.566431,3.69094,3.85808,5.72878,3.69094,2,0.285442,0,0,ok
1900,0.95,50K_2ps,50,50.135,-593367.826196,22779.375,-570588.451196,3.69239,3.85063,5.78148,3.69239,2,0.296925,0,0,ok
2000,1,50K_2ps,50,50.0924,-593535.067407,22760.0175781,-570775.049829,3.76565,3.81438,5.84333,3.76565,2,0.298881,0,0,ok
2100,1.05,50K_2ps,50,50.0426,-593534.015649,22737.3984375,-570796.617212,3.73346,3.74565,5.75723,3.73346,2,0.276727,0,0,ok
2200,1.1,50K_2ps,50,50.3295,-593536.864282,22867.7402344,-570669.124048,3.88119,3.70961,5.61434,3.70961,2,0.252489,0,0,ok
2300,1.15,50K_2ps,50,50.5051,-593739.513208,22947.5351562,-570791.978052,3.83078,3.73339,5.55993,3.73339,2,0.249608,0,0,ok
2400,1.2,50K_2ps,50,50.334,-593797.807641,22869.7890625,-570928.018579,3.83896,3.67854,5.64083,3.67854,2,0.252558,0,0,ok
2500,1.25,50K_2ps,50,49.9698,-593819.565942,22704.3105469,-571115.255395,3.74316,3.80868,5.79724,3.74316,2,0.259949,0,0,ok
2600,1.3,50K_2ps,50,49.9764,-593738.815454,22707.3125,-571031.502954,3.59094,3.76685,5.7507,3.59094,2,0.263502,0,0,ok
2700,1.35,50K_2ps,50,50.2873,-593976.305688,22848.578125,-571127.727563,3.58603,3.77952,5.81575,3.58603,2,0.268369,0,0,ok
2800,1.4,50K_2ps,50,50.0918,-593995.763208,22759.7480469,-571236.015161,3.47215,3.74266,5.77041,3.47215,2,0.260121,0,0,ok
2900,1.45,50K_2ps,50,50.0204,-594178.468774,22727.28125,-571451.187524,3.71626,3.74838,5.5871,3.71626,2,0.25265,0,0,ok
3000,1.5,50K_2ps,50,50.1534,-594172.313989,22787.703125,-571384.610864,3.76135,3.66076,5.55049,3.66076,2,0.263412,0,0,ok
3100,1.55,50K_2ps,50,50.6104,-594345.580102,22995.3613281,-571350.218774,3.69562,3.66963,5.47711,3.66963,2,0.278334,0,0,ok
3200,1.6,50K_2ps,50,49.863,-594356.727563,22655.7597656,-571700.967798,3.73554,3.72806,5.67822,3.72806,2,0.298701,0,0,ok
3300,1.65,50K_2ps,50,49.8817,-594270.631372,22664.2792969,-571606.352075,3.67808,3.73211,5.62041,3.67808,2,0.307126,0,0,ok
3400,1.7,50K_2ps,50,50.0128,-594300.032251,22723.8574219,-571576.174829,3.61865,3.83278,5.56065,3.61865,2,0.29102,0,0,ok
3500,1.75,50K_2ps,50,50.0129,-594263.07522,22723.8671875,-571539.208032,3.75166,3.83895,5.51477,3.75166,2,0.267342,0,0,ok
3600,1.8,50K_2ps,50,50.1962,-594408.79397,22807.1601562,-571601.633813,3.73174,3.83753,5.53535,3.73174,2,0.276022,0,0,ok
3700,1.85,50K_2ps,50,50.4646,-594434.858423,22929.1289062,-571505.729516,3.62133,3.78602,5.66259,3.62133,2,0.280826,0,0,ok
3800,1.9,50K_2ps,50,50.5769,-594524.104028,22980.1523438,-571543.951684,3.68394,3.76113,5.57349,3.68394,2,0.261061,0,0,ok
3900,1.95,50K_2ps,50,50.3179,-594443.04397,22862.453125,-571580.590845,3.59334,3.74519,5.52288,3.59334,2,0.257009,0,0,ok
4000,2,50K_2ps,50,50.5051,-594434.419946,22947.5390625,-571486.880884,3.57941,3.81966,5.57372,3.57941,2,0.256776,0,0,ok
4100,2.05,100K_2ps,100,71.4239,-586883.593774,32452.203125,-554431.390649,3.509,3.75461,5.5716,3.509,2,0.25625,0,0,ok
4200,2.1,100K_2ps,100,82.0168,-581384.236352,37265.2109375,-544119.025415,3.64341,3.70653,5.47558,3.64341,2,0.272832,0,0,ok
4300,2.15,100K_2ps,100,88.4004,-577780.198266,40165.640625,-537614.557641,3.6844,3.62786,5.37508,3.62786,2,0.295741,0,0,ok
4400,2.2,100K_2ps,100,92.4706,-575199.619165,42014.984375,-533184.63479,3.51533,3.70093,5.29522,3.51533,2,0.318421,0,0,ok
4500,2.25,100K_2ps,100,95.4425,-573708.638208,43365.2851562,-530343.353052,3.52235,3.62702,5.17247,3.52235,2,0.327998,0,0,ok
4600,2.3,100K_2ps,100,97.0432,-572751.276391,44092.6015625,-528658.674829,3.52667,3.66365,5.14556,3.52667,2,0.33825,0,0,ok
4700,2.35,100K_2ps,100,98.8405,-572309.374536,44909.2148438,-527400.159692,3.72973,3.49766,5.17141,3.49766,2,0.309347,0,0,ok
4800,2.4,100K_2ps,100,98.7789,-571727.329126,44881.234375,-526846.094751,3.48786,3.44986,5.00566,3.44986,2,0.305863,0,0,ok
4900,2.45,100K_2ps,100,99.343,-571856.065454,45137.5117188,-526718.553735,3.49993,3.53038,4.99965,3.49993,2,0.298847,0,0,ok
5000,2.5,100K_2ps,100,99.6357,-571694.015649,45270.5234375,-526423.492212,3.53021,3.45848,5.17966,3.45848,2,0.304846,0,0,ok
5100,2.55,100K_2ps,100,100.542,-571840.562524,45682.46875,-526158.093774,3.63715,3.54321,5.32584,3.54321,2,0.320176,0,0,ok
5200,2.6,100K_2ps,100,99.9384,-571472.082056,45408.0585938,-526064.023462,3.62689,3.61035,5.29082,3.61035,2,0.329923,0,0,ok
5300,2.65,100K_2ps,100,99.8609,-571851.362329,45372.8632812,-526478.499048,3.45992,3.59103,5.38709,3.45992,2,0.320816,0,0,ok
5400,2.7,100K_2ps,100,99.662,-571869.612817,45282.4882812,-526587.124536,3.46314,3.60534,5.44351,3.46314,2,0.303614,0,0,ok
5500,2.75,100K_2ps,100,100.3,-571767.004907,45572.5273438,-526194.477563,3.47939,3.60756,5.36274,3.47939,2,0.290853,0,0,ok
5600,2.8,100K_2ps,100,100.03,-571590.016138,45449.65625,-526140.359888,3.72274,3.56915,5.1249,3.56915,2,0.278705,0,0,ok
5700,2.85,100K_2ps,100,100.427,-571681.042016,45630.1210938,-526050.920923,3.65415,3.50076,5.05311,3.50076,2,0.321791,0,0,ok
5800,2.9,100K_2ps,100,100.425,-571763.754907,45629.1015625,-526134.653345,3.66517,3.62796,5.18063,3.62796,2,0.358083,0,0,ok
5900,2.95,100K_2ps,100,100.618,-571897.633325,45716.7070312,-526180.926294,3.71554,3.71758,5.34965,3.71554,2,0.382868,0,0,ok
6000,3,100K_2ps,100,100.557,-572091.032739,45689.0117188,-526402.02102,3.68218,3.53669,5.41855,3.53669,2,0.407018,0,0,ok
6100,3.05,100K_2ps,100,100.022,-572055.585962,45446.2421875,-526609.343774,3.66126,3.59166,5.40885,3.59166,2,0.385502,0,0,ok
6200,3.1,100K_2ps,100,100.339,-571940.489282,45590.140625,-526350.348657,3.7188,3.60905,5.28254,3.60905,2,0.348154,0,0,ok
6300,3.15,100K_2ps,100,100.022,-572097.721216,45445.890625,-526651.830591,3.65539,3.48703,5.22428,3.48703,2,0.359152,0,0,ok
6400,3.2,100K_2ps,100,100.284,-572419.550317,45565.171875,-526854.378442,3.43264,3.69016,5.27611,3.43264,2,0.386918,0,0,ok
6500,3.25,100K_2ps,100,100.958,-572582.763696,45871.1796875,-526711.584009,3.44799,3.76411,5.38204,3.44799,2,0.419361,0,0,ok
6600,3.3,100K_2ps,100,99.9389,-572400.385766,45408.3046875,-526992.081079,3.61067,3.71224,5.2691,3.61067,2,0.440662,0,0,ok
6700,3.35,100K_2ps,100,99.7286,-572480.591821,45312.7421875,-527167.849634,3.48058,3.62498,5.17613,3.48058,2,0.449425,0,0,ok
6800,3.4,100K_2ps,100,99.9623,-572923.14602,45418.9335938,-527504.212427,3.46114,3.64054,5.30759,3.46114,2,0.44819,0,0,ok
6900,3.45,100K_2ps,100,99.2445,-572974.265649,45092.765625,-527881.500024,3.55773,3.72847,5.55317,3.55773,2,0.460407,0,0,ok
7000,3.5,100K_2ps,100,99.2129,-573114.574731,45078.4179688,-528036.156763,3.46686,3.67193,5.55559,3.46686,2,0.476638,0,0,ok
7100,3.55,100K_2ps,100,100.099,-572981.386255,45480.9179688,-527500.468286,3.48482,3.72644,5.60562,3.48482,2,0.471228,0,0,ok
7200,3.6,100K_2ps,100,99.9226,-572939.347681,45400.8828125,-527538.464868,3.67607,3.72527,5.5991,3.67607,2,0.499916,0,0,ok
7300,3.65,100K_2ps,100,100.166,-573039.021509,45511.625,-527527.396509,3.53698,3.71106,5.41492,3.53698,2,0.508895,0,0,ok
7400,3.7,100K_2ps,100,100.36,-573359.326196,45599.6953125,-527759.630884,3.52419,3.5993,5.30131,3.52419,2,0.50959,0,0,ok
7500,3.75,100K_2ps,100,99.9049,-573289.058618,45392.8125,-527896.246118,3.58234,3.49641,5.16729,3.49641,2,0.508786,0,0,ok
7600,3.8,100K_2ps,100,99.9606,-573360.234399,45418.15625,-527942.078149,3.77837,3.59875,5.21455,3.59875,2,0.48255,0,0,ok
7700,3.85,100K_2ps,100,100.116,-573582.976098,45488.9609375,-528094.015161,3.57468,3.71276,5.48626,3.57468,2,0.467509,0,0,ok
7800,3.9,100K_2ps,100,99.4752,-572990.511743,45197.6171875,-527792.894556,3.41861,3.83563,5.57435,3.41861,2,0.481536,0,0,ok
7900,3.95,100K_2ps,100,100.204,-573116.959009,45528.7421875,-527588.216821,3.4957,3.83274,5.70396,3.4957,2,0.504415,0,0,ok
8000,4,100K_2ps,100,100.702,-573404.548364,45754.9375,-527649.610864,3.54979,3.80871,5.65535,3.54979,2,0.508738,0,0,ok
8100,4.05,200K_2ps,200,141.877,-557995.979516,64463.4140625,-493532.565454,3.56627,3.81384,5.66571,3.56627,2,0.481831,0,0,ok
8200,4.1,200K_2ps,200,164.281,-546562.23147,74642.5625,-471919.66897,3.38821,3.76821,5.74176,3.38821,2,0.456169,0,0,ok
8300,4.15,200K_2ps,200,176.965,-538720.052759,80406.046875,-458314.005884,3.33818,3.7338,5.94766,3.33818,2,0.497897,0,0,ok
8400,4.2,200K_2ps,200,184.903,-533186.529809,84012.640625,-449173.889184,3.3771,3.82132,6.07939,3.3771,2,0.572623,0,0,ok
8500,4.25,200K_2ps,200,189.756,-530076.518579,86217.6328125,-443858.885766,3.60914,4.05155,5.95644,3.60914,2,0.627786,0,0,ok
8600,4.3,200K_2ps,200,193.76,-527729.613306,88036.875,-439692.738306,3.75315,4.02275,5.85138,3.75315,2,0.683229,0,0,ok
8700,4.35,200K_2ps,200,195.656,-526135.216821,88898.25,-437236.966821,3.6915,3.84343,5.84191,3.6915,2,0.702534,0,0,ok
8800,4.4,200K_2ps,200,196.894,-525100.384302,89460.6875,-435639.696802,3.37875,3.64196,5.94114,3.37875,2,0.702335,0,0,ok
8900,4.45,200K_2ps,200,196.712,-523977.9927,89378.28125,-434599.71145,3.16005,3.71083,6.0905,3.16005,2,0.70716,0,0,ok
9000,4.5,200K_2ps,200,199.191,-522707.724634,90504.5859375,-432203.138696,3.29975,3.76339,6.18499,3.29975,2,0.71095,0,0,ok
9100,4.55,200K_2ps,200,199.626,-522674.496118,90702.2890625,-431972.207056,3.56204,3.65764,6.32323,3.56204,2,0.73923,0,0,ok
9200,4.6,200K_2ps,200,199.62,-522354.823266,90699.2578125,-431655.565454,3.64115,3.38884,6.17408,3.38884,2,0.726513,0,0,ok
9300,4.65,200K_2ps,200,199.278,-522184.917505,90543.8984375,-431641.019067,3.54905,3.54879,6.14699,3.54879,2,0.715523,0,0,ok
9400,4.7,200K_2ps,200,199.559,-522155.054223,90671.890625,-431483.163598,3.47239,3.3749,6.11752,3.3749,2,0.693992,0,0,ok
9500,4.75,200K_2ps,200,199.201,-521323.17727,90509.09375,-430814.08352,3.51563,3.59499,6.27364,3.51563,2,0.70462,0,0,ok
9600,4.8,200K_2ps,200,200.092,-520738.419946,90913.7109375,-429824.709009,3.5202,3.55661,6.20584,3.5202,2,0.684884,0,0,ok
9700,4.85,200K_2ps,200,199.157,-520845.997095,90488.96875,-430357.028345,3.49745,3.81859,6.2467,3.49745,2,0.698887,0,0,ok
9800,4.9,200K_2ps,200,200.42,-521488.736352,91063.046875,-430425.689477,3.61304,3.97523,6.57394,3.61304,2,0.718018,0,0,ok
9900,4.95,200K_2ps,200,200.93,-521626.960962,91294.5,-430332.460962,3.69068,4.02199,6.55767,3.69068,2,0.720043,0,0,ok
10000,5,200K_2ps,200,201.515,-521568.764184,91560.359375,-430008.404809,3.42373,4.1766,6.41401,3.42373,2,0.714893,0,0,ok
10100,5.05,200K_2ps,200,199.793,-521539.322778,90778.015625,-430761.307153,3.31913,4.11722,6.31628,3.31913,2,0.7417,0,0,ok
10200,5.1,200K_2ps,200,201.368,-522345.809595,91493.484375,-430852.32522,3.34996,4.01128,6.25097,3.34996,2,0.758851,0,0,ok
10300,5.15,200K_2ps,200,201.185,-521696.563501,91410.578125,-430285.985376,3.55949,4.40893,6.48015,3.55949,2,0.777574,0,0,ok
10400,5.2,200K_2ps,200,202.442,-521270.759302,91981.796875,-429288.962427,3.48428,4.5397,6.45505,3.48428,2,0.76089,0,0,ok
10500,5.25,200K_2ps,200,201.93,-521269.417016,91749.015625,-429520.401391,3.47573,4.52778,6.33474,3.47573,2,0.785669,0,0,ok
10600,5.3,200K_2ps,200,200.546,-520863.849634,91120.3046875,-429743.544946,3.51053,4.50167,6.42737,3.51053,2,0.848179,0,0,ok
10700,5.35,200K_2ps,200,201.098,-521295.020532,91371.140625,-429923.879907,3.48121,4.59132,6.30878,3.48121,2,0.860938,0,0,ok
10800,5.4,200K_2ps,200,202.022,-520934.575708,91791.0234375,-429143.55227,3.44523,4.2832,6.22706,3.44523,2,0.885016,0,0,ok
10900,5.45,200K_2ps,200,200.838,-521370.560571,91252.9375,-430117.623071,3.70287,4.08819,5.94252,3.70287,2,0.888743,0,0,ok
11000,5.5,200K_2ps,200,200.396,-521652.895532,91052.15625,-430600.739282,3.86079,3.64496,5.9124,3.64496,2,0.895968,0,0,ok
11100,5.55,200K_2ps,200,201.852,-521394.003442,91713.75,-429680.253442,3.54908,3.64549,6.09244,3.54908,2,0.917243,0,0,ok
11200,5.6,200K_2ps,200,201.036,-521390.173364,91342.859375,-430047.313989,3.49666,3.52908,6.17198,3.49666,2,0.935153,0,0,ok
11300,5.65,200K_2ps,200,201.426,-521466.513208,91519.8125,-429946.700708,3.44898,3.5335,6.09513,3.44898,2,0.947458,0,0,ok
11400,5.7,200K_2ps,200,200.91,-521240.182641,91285.6875,-429954.495141,3.40122,3.62221,6.35643,3.40122,2,0.934851,0,0,ok
11500,5.75,200K_2ps,200,200.832,-521120.332056,91250.0859375,-429870.246118,3.26872,3.42308,6.31639,3.26872,2,0.947161,0,0,ok
11600,5.8,200K_2ps,200,200.552,-521052.392602,91122.875,-429929.517602,3.47845,3.56777,6.23227,3.47845,2,0.969644,0,0,ok
11700,5.85,200K_2ps,200,201.455,-521286.495141,91533.40625,-429753.088891,3.56623,3.56797,6.11838,3.56623,2,1.02534,0,0,ok
11800,5.9,200K_2ps,200,200.818,-520912.750513,91243.84375,-429668.906763,3.50368,3.61655,6.2561,3.50368,2,1.01072,0,0,ok
11900,5.95,200K_2ps,200,202.301,-521577.085962,91917.546875,-429659.539087,3.50435,3.51894,6.11343,3.50435,2,0.982294,0,0,ok
12000,6,200K_2ps,200,200.816,-521591.814477,91242.7578125,-430349.056665,3.38523,3.49598,6.10589,3.38523,2,0.978413,0,0,ok
12100,6.05,310K_4ps,310,246.618,-504208.477563,112053.398438,-392155.079126,3.48026,3.43333,6.0162,3.43333,2,1.00082,0,0,ok
12200,6.1,310K_4ps,310,271.433,-490851.619165,123328.640625,-367522.97854,3.68139,3.76252,6.46841,3.68139,2,1.07552,0,0,ok
12300,6.15,310K_4ps,310,284.469,-481740.507837,129251.375,-352489.132837,3.674,3.51428,6.39878,3.51428,2,1.10527,0,0,ok
12400,6.2,310K_4ps,310,292.374,-474649.604516,132843,-341806.604516,3.75041,3.77472,6.42898,3.75041,2,1.11362,0,0,ok
12500,6.25,310K_4ps,310,297.822,-469386.206079,135318.53125,-334067.674829,3.73825,3.74434,6.59751,3.73825,2,1.18234,0,0,ok
12600,6.3,310K_4ps,310,302.374,-466654.961938,137386.65625,-329268.305688,3.6357,3.92896,6.45213,3.6357,2,1.23993,0,0,ok
12700,6.35,310K_4ps,310,303.593,-465213.737329,137940.796875,-327272.940454,3.7232,3.9701,6.38386,3.7232,2,1.28182,0,0,ok
12800,6.4,310K_4ps,310,302.667,-463764.10647,137519.921875,-326244.184595,3.56911,3.80393,6.37765,3.56911,2,1.2761,0,0,ok
12900,6.45,310K_4ps,310,304.743,-462347.658716,138463.140625,-323884.518091,3.72985,3.85986,6.3456,3.72985,2,1.33155,0,0,ok
13000,6.5,310K_4ps,310,305.477,-460388.253931,138796.78125,-321591.472681,3.7421,3.98214,6.3509,3.7421,2,1.39426,0,0,ok
13100,6.55,310K_4ps,310,305.936,-458807.658716,139005.421875,-319802.236841,3.89369,4.01053,6.36755,3.89369,2,1.42232,0,0,ok
13200,6.6,310K_4ps,310,305.909,-457144.465845,138992.875,-318151.590845,3.65949,4.41652,6.59704,3.65949,2,1.42974,0,0,ok
13300,6.65,310K_4ps,310,306.228,-455951.519556,139137.96875,-316813.550806,3.75337,4.21332,6.42333,3.75337,2,1.41026,0,0,ok
13400,6.7,310K_4ps,310,307.558,-455682.501977,139742.265625,-315940.236352,3.76111,4.14737,6.05794,3.76111,2,1.35426,0,0,ok
13500,6.75,310K_4ps,310,309.771,-454662.614282,140747.765625,-313914.848657,3.88247,4.01999,5.83659,3.88247,2,1.286,0,0,ok
13600,6.8,310K_4ps,310,308.627,-453807.105493,140227.96875,-313579.136743,3.95309,3.92435,5.84641,3.92435,2,1.24448,0,0,ok
13700,6.85,310K_4ps,310,309.827,-452253.272485,140773.3125,-311479.959985,3.89848,3.71514,5.64817,3.71514,2,1.19957,0,0,ok
13800,6.9,310K_4ps,310,311.126,-451470.04397,141363.484375,-310106.559595,3.96196,3.67301,5.62032,3.67301,2,1.19211,0,0,ok
13900,6.95,310K_4ps,310,310.33,-452260.515649,141001.46875,-311259.046899,4.03172,3.80715,5.65527,3.80715,2,1.19887,0,0,ok
14000,7,310K_4ps,310,311.67,-450753.792016,141610.34375,-309143.448266,3.83306,3.98633,5.8152,3.83306,2,1.18347,0,0,ok
14100,7.05,310K_4ps,310,310.338,-450698.47561,141005.53125,-309692.94436,3.82077,3.86221,6.03058,3.82077,2,1.18738,0,0,ok
14200,7.1,310K_4ps,310,309.203,-450734.790063,140489.4375,-310245.352563,3.9,4.08134,6.36976,3.9,2,1.18938,0,0,ok
14300,7.15,310K_4ps,310,309.435,-450239.433618,140595.15625,-309644.277368,3.77282,4.10719,6.46306,3.77282,2,1.21526,0,0,ok
14400,7.2,310K_4ps,310,309.689,-449050.508813,140710.59375,-308339.915063,3.81983,4.24002,6.39419,3.81983,2,1.26282,0,0,ok
14500,7.25,310K_4ps,310,310.665,-448988.126001,141154.09375,-307834.032251,3.83643,4.23863,6.56473,3.83643,2,1.2645,0,0,ok
14600,7.3,310K_4ps,310,311.455,-449241.54104,141513.015625,-307728.525415,3.52288,4.21955,6.68137,3.52288,2,1.25016,0,0,ok
14700,7.35,310K_4ps,310,308.993,-448650.119165,140394.171875,-308255.94729,3.55942,4.07803,6.73522,3.55942,2,1.20605,0,0,ok
14800,7.4,310K_4ps,310,309.478,-448101.122095,140614.65625,-307486.465845,3.54488,3.92713,6.5894,3.54488,2,1.17763,0,0,ok
14900,7.45,310K_4ps,310,310.238,-448436.684595,140959.84375,-307476.840845,3.9023,3.70092,6.57535,3.70092,2,1.17414,0,0,ok
15000,7.5,310K_4ps,310,310.116,-448653.616235,140904.46875,-307749.147485,3.89574,3.79674,6.50027,3.79674,2,1.17285,0,0,ok
15100,7.55,310K_4ps,310,309.56,-448315.117212,140651.828125,-307663.289087,3.85965,3.65641,6.45533,3.65641,2,1.17117,0,0,ok
15200,7.6,310K_4ps,310,311.56,-448961.79397,141560.375,-307401.41897,3.6705,3.765,6.38488,3.6705,2,1.16249,0,0,ok
15300,7.65,310K_4ps,310,308.854,-447350.091821,140330.859375,-307019.232446,3.62,3.77547,6.21789,3.62,2,1.19513,0,0,ok
15400,7.7,310K_4ps,310,309.418,-447741.749048,140587.28125,-307154.467798,3.88883,3.8476,6.04255,3.8476,2,1.22964,0,0,ok
15500,7.75,310K_4ps,310,308.604,-447339.172876,140217.5,-307121.672876,3.76642,3.73211,5.73011,3.73211,2,1.2495,0,0,ok
15600,7.8,310K_4ps,310,309.672,-446909.58352,140702.65625,-306206.92727,3.60522,3.78417,5.83667,3.60522,2,1.28843,0,0,ok
15700,7.85,310K_4ps,310,310.712,-446790.973657,141175.0625,-305615.911157,3.55555,3.95114,6.33041,3.55555,2,1.37372,0,0,ok
15800,7.9,310K_4ps,310,308.483,-446410.073266,140162.25,-306247.823266,3.64597,3.79415,6.49585,3.64597,2,1.38928,0,0,ok
15900,7.95,310K_4ps,310,308.065,-446002.014673,139972.546875,-306029.467798,3.59474,3.97127,6.47433,3.59474,2,1.37283,0,0,ok
16000,8,310K_4ps,310,310.213,-447000.833032,140948.625,-306052.208032,3.03179,3.80241,6.30215,3.03179,2,1.36938,0,0,ok
16100,8.05,310K_4ps,310,310.64,-447120.769556,141142.375,-305978.394556,3.20586,3.96978,5.97937,3.20586,2,1.37928,0,0,ok
16200,8.1,310K_4ps,310,309.445,-446678.016626,140599.375,-306078.641626,3.32634,4.20059,5.77856,3.32634,2,1.36983,0,0,ok
16300,8.15,310K_4ps,310,309.51,-446197.25686,140628.984375,-305568.272485,3.73997,4.21711,5.88186,3.73997,2,1.33365,0,0,ok
16400,8.2,310K_4ps,310,310.358,-446588.860376,141014.4375,-305574.422876,3.71934,4.10731,6.11771,3.71934,2,1.28979,0,0,ok
16500,8.25,310K_4ps,310,307.412,-445983.779321,139675.6875,-306308.091821,3.99931,4.15227,5.95072,3.99931,2,1.2551,0,0,ok
16600,8.3,310K_4ps,310,311.285,-446847.209009,141435.734375,-305411.474634,4.21873,4.39158,6.04213,4.21873,2,1.24481,0,0,ok
16700,8.35,310K_4ps,310,308.734,-445722.782251,140276.34375,-305446.438501,4.2273,4.08526,6.26308,4.08526,2,1.22386,0,0,ok
16800,8.4,310K_4ps,310,309.845,-445787.672876,140781.125,-305006.547876,3.90634,3.98322,6.2849,3.90634,2,1.18143,0,0,ok
16900,8.45,310K_4ps,310,309.988,-445270.980493,140846.296875,-304424.683618,3.62953,3.91146,6.46753,3.62953,2,1.16365,0,0,ok
17000,8.5,310K_4ps,310,310.752,-444989.455102,141193.5625,-303795.892602,3.60288,3.84419,6.45887,3.60288,2,1.17565,0,0,ok
17100,8.55,310K_4ps,310,309.066,-444737.488306,140427.140625,-304310.347681,3.59997,3.65074,6.17646,3.59997,2,1.12589,0,0,ok
17200,8.6,310K_4ps,310,309.206,-444376.604516,140491.046875,-303885.557641,3.56889,3.5645,6.08856,3.5645,2,1.02901,0,0,ok
17300,8.65,310K_4ps,310,310.097,-443752.856958,140895.734375,-302857.122583,3.5196,3.93098,5.97238,3.5196,2,0.9916,0,0,ok
17400,8.7,310K_4ps,310,311.719,-445358.292993,141632.953125,-303725.339868,3.66318,4.12231,6.38846,3.66318,2,0.971249,0,0,ok
17500,8.75,310K_4ps,310,310.353,-445492.138696,141012.25,-304479.888696,3.516,4.07325,6.46152,3.516,2,0.941876,0,0,ok
17600,8.8,310K_4ps,310,309.352,-444949.108423,140557.1875,-304391.920923,3.56773,4.14835,6.33548,3.56773,2,0.983344,0,0,ok
17700,8.85,310K_4ps,310,309.278,-444797.85061,140523.6875,-304274.16311,3.55069,4.06372,5.94582,3.55069,2,1.02413,0,0,ok
17800,8.9,310K_4ps,310,309.328,-444520.737329,140546.21875,-303974.518579,3.51286,4.02394,5.78057,3.51286,2,1.06582,0,0,ok
17900,8.95,310K_4ps,310,310.117,-444369.16897,140904.734375,-303464.434595,3.49248,3.97089,5.72401,3.49248,2,1.04103,0,0,ok
18000,9,310K_4ps,310,308.722,-443797.723657,140271.015625,-303526.708032,3.81997,3.95792,5.7008,3.81997,2,1.05031,0,0,ok
18100,9.05,310K_4ps,310,312.296,-443897.212915,141894.90625,-302002.306665,3.60749,3.80779,5.81325,3.60749,2,1.11394,0,0,ok
18200,9.1,310K_4ps,310,310.454,-444086.073266,141058.234375,-303027.838891,3.77252,3.91156,6.29648,3.77252,2,1.15193,0,0,ok
18300,9.15,310K_4ps,310,311.235,-444669.179712,141412.78125,-303256.398462,3.69457,3.7248,6.1531,3.69457,2,1.11732,0,0,ok
18400,9.2,310K_4ps,310,311.438,-444521.428735,141505.28125,-303016.147485,3.64351,3.91802,6.08755,3.64351,2,1.03163,0,0,ok
18500,9.25,310K_4ps,310,310.376,-444300.614282,141022.640625,-303277.973657,3.77303,4.00411,6.31171,3.77303,2,1.02819,0,0,ok
18600,9.3,310K_4ps,310,313.042,-444638.922876,142233.8125,-302405.110376,3.91258,4.03393,6.71838,3.91258,2,1.06775,0,0,ok
18700,9.35,310K_4ps,310,309.93,-444239.164087,140819.8125,-303419.351587,3.8236,4.23597,6.76552,3.8236,2,1.09256,0,0,ok
18800,9.4,310K_4ps,310,309.741,-443746.988306,140734.03125,-303012.957056,3.72202,4.56896,6.81357,3.72202,2,1.10773,0,0,ok
18900,9.45,310K_4ps,310,309.102,-444489.008813,140443.890625,-304045.118188,3.72422,4.78609,6.84738,3.72422,2,1.12101,0,0,ok
19000,9.5,310K_4ps,310,309.016,-445358.187524,140404.5625,-304953.625024,3.79132,4.86692,6.98968,3.79132,2,1.15322,0,0,ok
19100,9.55,310K_4ps,310,310.445,-445361.953149,141053.75,-304308.203149,3.8173,4.75348,6.95431,3.8173,2,1.16597,0,0,ok
19200,9.6,310K_4ps,310,309.43,-444718.994653,140592.5625,-304126.432153,3.86422,4.31535,6.60622,3.86422,2,1.17121,0,0,ok
19300,9.65,310K_4ps,310,309.02,-443942.847192,140406.59375,-303536.253442,3.92983,4.53767,6.54748,3.92983,2,1.16551,0,0,ok
19400,9.7,310K_4ps,310,310.168,-445380.294946,140927.90625,-304452.388696,3.81532,4.43779,6.78558,3.81532,2,1.15144,0,0,ok
19500,9.75,310K_4ps,310,309.869,-445751.480493,140792.15625,-304959.324243,3.83192,4.44924,7.15012,3.83192,2,1.18521,0,0,ok
19600,9.8,310K_4ps,310,307.862,-444853.26272,139880.46875,-304972.79397,3.92874,4.66331,7.04024,3.92874,2,1.2057,0,0,ok
19700,9.85,310K_4ps,310,308.752,-444455.857446,140284.484375,-304171.373071,4.13238,4.57928,6.73165,4.13238,2,1.17951,0,0,ok
19800,9.9,310K_4ps,310,309.37,-444195.235376,140565.265625,-303629.969751,4.0587,4.80417,6.25134,4.0587,2,1.17057,0,0,ok
19900,9.95,310K_4ps,310,309.373,-444391.028345,140566.953125,-303824.07522,3.9528,4.82725,6.57174,3.9528,2,1.18778,0,0,ok
20000,10,310K_4ps,310,309.543,-444189.053735,140643.953125,-303545.10061,3.78204,4.80769,6.65544,3.78204,2,1.21958,0,0,ok
